{"time": [3601.5535, "s"], "time_index": 735, "progress": 1.0, "state": "FINISHED", "real_time_elapsed": 1.8280000000086147, "description": "", "extra": {}, "creation_timestamp": 1736448467.263944}