{"time": [3601.5535, "s"], "time_index": 735, "progress": 1.0, "state": "FINISHED", "real_time_elapsed": 1.9690000000118744, "description": "", "extra": {}, "creation_timestamp": 1736453225.944248}